ID,First Name,Last Name,Age,Gender,Email,Phone Number,Address
1,Marcia,Preston,24,Female,guzmanjoshua@yahoo.com,8691033648,"16709 Cooper Stravenue, Perrystad, SC 46969"
2,Sarah,Owens,64,Female,vaughnjacqueline@chandler.com,001-568-489-5591x5014,"9961 Flores Mission, Lindseyside, DC 28074"
3,Sydney,Hinton,56,Female,nicholasbradley@butler-hopkins.org,970-880-5919x10040,"064 Holloway Track, North Jenniferview, NE 15232"
4,Richard,Morrison,68,Other,gregory68@hotmail.com,+1-648-459-3473x836,"03372 Carol Ranch Apt. 165, Bryantton, TN 14883"
5,Stephen,Rodriguez,50,Other,oharrison@hotmail.com,798.432.3882x75975,"Unit 3189 Box 8230, DPO AP 29151"
6,Joel,Hutchinson,19,Female,bmahoney@yahoo.com,001-384-060-5773x961,"56288 Laura Extensions Apt. 685, Lake Ashley, NE 98759"
7,Scott,Fisher,33,Other,ehill@hotmail.com,+1-309-131-9204x3924,"8717 Baldwin Land Suite 943, East Whitney, WI 45720"
8,Jose,Johnson,46,Male,michael74@barrett.com,580.994.2811,"86377 Erin Courts, New Linda, ID 94402"
9,Maria,Campbell,38,Female,josephcamacho@yahoo.com,+1-041-211-9344x9178,"551 Jasmine Trace, Amyberg, PA 76053"
10,Derek,Gillespie,19,Female,patrickwillis@hotmail.com,9529727934,"411 Deanna Mountains Apt. 576, Byrdfort, NM 74342"
11,David,Alvarez,33,Female,melissabaker@yahoo.com,239-095-9559,"204 Jacob Highway, Lisaburgh, SC 44349"
12,Matthew,Aguirre,66,Other,jeffery65@lewis-melton.com,+1-867-562-2872x53547,"PSC 6471, Box 1170, APO AP 09573"
13,Adam,Odonnell,48,Other,lparrish@trujillo-rodgers.org,6259740621,"54566 Matthew Squares, Patrickton, WI 15314"
14,Nicole,Brewer,42,Male,christophermoore@hotmail.com,(146)133-5443x49368,"016 Clements Pines, South Miguel, WI 86110"
15,Abigail,Rich,43,Female,hoffmanstephanie@yahoo.com,(221)521-8711,"306 Floyd Rest Suite 146, East Blakefort, VA 69461"
16,Ivan,Perez,58,Male,holtdustin@hotmail.com,001-393-293-2964x398,"3653 Allison Fields Suite 171, Lake Sheila, ME 84176"
17,Steven,Logan,38,Female,eflores@strickland.com,4458276350,"Unit 9670 Box 5997, DPO AP 08284"
18,David,Lopez,69,Other,brandon22@gmail.com,(257)782-8366x80231,"0694 Alison Drive, Cookville, MT 33266"
19,Kelly,Fitzgerald,52,Female,dan67@gmail.com,+1-539-743-8150x792,"064 Mary Junctions Apt. 076, North Angelaview, RI 35740"
20,Jennifer,Sanchez,69,Male,fbrown@young-robinson.com,5707112650,"4444 Edward Inlet Apt. 589, West Courtneychester, KY 47622"
21,Brandon,Mclaughlin,25,Male,shawncervantes@hotmail.com,987.473.4326,"PSC 4042, Box 2297, APO AE 93676"
22,Lisa,Thompson,67,Male,kevin35@martin.com,(192)235-8139x95669,"215 Kelley View Suite 505, Jenniferbury, KY 45993"
23,John,Mcdonald,50,Female,houseryan@price.com,050.552.6181x5073,"3795 Marshall Corner, North Nicolehaven, MT 85086"
24,Grace,Robertson,28,Other,evansregina@mccormick-pratt.com,(177)916-3070x433,"PSC 9010, Box 2011, APO AP 42905"
25,Tiffany,Hunt,38,Other,kayla06@yahoo.com,021-670-5745x06796,"4395 Brewer Harbor, Nicolestad, NM 06944"
26,Victor,Atkins,34,Male,kwalker@wyatt.com,815.522.2176,"566 Hernandez Shore Suite 572, West Davidstad, MN 22019"
27,Tamara,Kim,70,Male,brianrodriguez@gmail.com,706.956.2569x15992,"18590 Patel Harbors, Amberbury, AK 49356"
28,Katelyn,Tran,25,Male,acook@hotmail.com,001-457-900-0099x37914,"9499 Max Pass Apt. 348, Leslieshire, RI 08269"
29,Kimberly,Payne,51,Female,bishopchad@gmail.com,+1-515-194-5544,"4693 Christopher Corner Suite 139, Michaeltown, OR 50271"
30,Christina,Graham,26,Other,ronald33@hotmail.com,001-480-770-3591x18967,"98046 Jenkins Canyon, Pamelashire, VT 43619"
31,Kimberly,Robinson,68,Female,casey33@williams.biz,+1-241-069-7234x62907,"Unit 7321 Box 2539, DPO AA 63607"
32,Brandon,Werner,21,Other,paulgill@yahoo.com,176.366.7831x7325,"191 Johnson Way, Griffinland, NY 15891"
33,Gregory,Ryan,51,Female,kevinberry@johnson.org,779.973.3531x465,"3966 Burke Motorway, Port Clayton, DC 78050"
34,Brad,White,30,Male,drojas@morrow-spears.org,(353)591-8722x55321,"991 Donna Junction, South Alyssa, DC 34219"
35,Linda,Burns,47,Other,james32@keller.com,(933)566-5727x47636,"USNV Lawson, FPO AE 63240"
36,Monica,Morris,45,Male,weeksjanet@yahoo.com,(541)123-9430,"412 Elizabeth Isle Suite 016, Port Matthew, NC 70399"
37,Joe,Green,52,Other,rthompson@mejia-phillips.com,057.480.5434x47953,"329 Berry Forks Suite 874, New Amber, MT 65109"
38,Sarah,Logan,35,Other,amandamartinez@hotmail.com,634.801.9085,"7835 Hicks Crescent Apt. 775, Josephberg, AZ 84594"
39,Johnathan,Robinson,43,Other,yhicks@yahoo.com,(040)265-9872x38234,"00496 Berry Forks, Amandaport, MA 34780"
40,Gary,Pratt,52,Female,wmoore@hotmail.com,001-085-217-3860x7708,"33318 James Light, South Ryan, DE 43395"
41,David,Murphy,54,Other,annacrawford@freeman.biz,001-858-926-7869x488,"460 Robert Mountain Apt. 566, West Amandamouth, TX 16863"
42,Heidi,Cardenas,19,Male,huertarobert@esparza-morales.com,535-454-2101x76602,"72488 Theresa Ford Suite 821, Brianshire, SC 54805"
43,Derrick,Winters,27,Female,alexa07@gmail.com,730-793-8997x134,"31633 Gonzalez Lodge Suite 608, Howardchester, MO 51152"
44,Justin,Odonnell,62,Male,dbutler@hicks-lopez.com,(560)804-8561x701,"54172 Nicholas Roads Suite 540, East Debra, OR 89766"
45,Joshua,Cantu,21,Other,victoria81@hotmail.com,(965)313-7475x160,"742 Ashley Greens, North James, LA 26715"
46,Susan,Munoz,47,Female,gutierrezkelly@miller.com,(512)784-2722x02011,"9511 Fred Passage Apt. 210, Port Susan, NJ 34579"
47,Vickie,Foster,22,Female,reginald89@yahoo.com,+1-926-302-7208x5229,"69933 Guerrero Stream Suite 124, Kayleeshire, SD 81129"
48,Carolyn,Williams,18,Female,christina43@gmail.com,501.601.1060x1678,"9610 John Square Suite 676, Chaseshire, NV 72682"
49,Jessica,Smith,39,Other,mindyhall@olson.com,4626201037,"PSC 3645, Box 6646, APO AE 16698"
50,Megan,Hall,66,Female,ahobbs@james.org,332-928-5743x73866,"84452 Nichols Run, Stoneton, WY 83782"
51,Heidi,Wilson,32,Male,cassandrabird@gmail.com,(444)798-7121,"6442 Grant Vista Suite 221, Port Ashleybury, AK 81630"
52,Sara,Hughes,64,Female,vincent83@hotmail.com,345-648-9594,"379 Matthew Creek, East Crystalhaven, WV 23416"
53,James,Lynn,49,Female,michael42@gmail.com,(056)144-6723x897,"83676 Bowen Ford, Armstrongside, CT 40374"
54,Hunter,Robinson,42,Female,moranadam@leonard.info,213.932.2735x551,"990 Erica Ramp, East Rachel, WI 44628"
55,Richard,Russell,38,Male,jim52@hotmail.com,(166)370-3994,"74592 Rogers Cove Suite 452, East Janetbury, ID 13372"
56,Mary,Salinas,65,Male,jonesadam@hotmail.com,675-311-2669x9757,"610 Perry Mission, East Justinville, LA 69801"
57,Isaac,Stewart,21,Other,mary80@torres.net,656-626-3735,"79991 Christopher Valley Suite 356, Ashleyside, ND 61764"
58,Brittany,Chavez,34,Female,acox@yahoo.com,709-511-9202x244,"894 Miller Ports, Markchester, IN 04293"
59,Tony,Chavez,68,Male,brockbryan@hotmail.com,001-495-736-9698x008,"3207 Vega Course, Lake Debbie, AZ 32026"
60,Dylan,Rodriguez,20,Female,raytimothy@ellis-kidd.com,731-034-4004,"7811 Cox Cliff, West Richard, NH 44710"
61,Nancy,Avila,51,Female,douglas44@conley.info,957.354.1739x6513,"88824 Glenn Plains Apt. 356, Lake Nathan, FL 85901"
62,Jamie,Livingston,66,Male,morrisonalexis@carter-warren.biz,001-203-623-1584,"717 Heather Landing Suite 232, Justinberg, OH 29449"
63,Amanda,Ramirez,64,Male,ncook@wolfe.com,223.214.8206x2033,"38641 Anderson Village, Jasmineberg, MI 89137"
64,Jay,Houston,27,Female,vickie26@brown.org,001-534-800-1730,"27486 Case Cape, Mannmouth, MI 51901"
65,Angela,Evans,43,Female,carla65@yahoo.com,066-475-5314x1200,"50328 Price Isle, Monicastad, DE 63471"
66,Johnathan,Hartman,45,Female,mitchelljennifer@allen.info,387.200.2742x087,"074 Gray Oval, North Felicia, AL 95118"
67,William,Oliver,54,Female,ynguyen@gmail.com,001-594-321-3992x0503,"872 Holly Extensions, Pearsonburgh, DE 17858"
68,Phillip,Stephens,36,Male,lindaadams@foster.com,(837)390-1710,"691 Murphy Shores Apt. 765, Katieshire, NY 16568"
69,Natalie,Taylor,64,Male,tina75@yahoo.com,+1-040-196-0699,"86607 Campbell Harbors, Baldwinside, PA 76029"
70,Jacob,Reynolds,58,Other,hlyons@hall.org,996-134-2641x1430,"985 Adams Square, West Curtisfort, DE 39758"
71,Anthony,Tyler,65,Other,brian75@brown.org,351-468-1086x6598,"PSC 6432, Box 5176, APO AP 64438"
72,Ethan,Brown,42,Other,joshuacox@perry.org,7749037500,"814 Jimmy Bridge Suite 967, Kyleland, TX 84334"
73,Christina,Salinas,66,Other,michelemorris@yahoo.com,(983)770-0965,"25786 Thompson Landing Suite 138, East Kevin, AK 79982"
74,Jason,Townsend,60,Female,rebeccaking@young.com,(696)663-0024x284,"22893 Ashley Union, Garciafort, IA 21616"
75,Donald,Spencer,27,Male,leahquinn@sanders.com,+1-671-463-1452x083,"14200 Peters Plains, Jameston, VA 07785"
76,Rebecca,Humphrey,68,Male,stantondevin@yahoo.com,+1-021-010-7822x19463,"11751 David Prairie, Riosshire, NC 18390"
77,Lisa,Carter,48,Other,lisa01@johnson.com,(972)184-7054x2545,"USCGC Jackson, FPO AA 40230"
78,Stephen,Sullivan,51,Female,xgraham@hotmail.com,(922)493-3541x986,"0910 John Valley Suite 925, Port Alisonview, DE 22359"
79,Melody,Kramer,67,Other,qwilliams@gmail.com,001-913-023-6105x8921,"PSC 3922, Box 6015, APO AA 21265"
80,David,Trujillo,24,Male,shawregina@yahoo.com,001-751-468-8962x91956,"279 Michele Avenue Suite 201, Racheltown, SC 51866"
81,Juan,Hammond,65,Other,richardcooper@wilson.com,001-601-690-8758x1222,"087 John Stravenue Suite 872, Hoshire, ID 99411"
82,Andrew,Olson,54,Female,margaretespinoza@gmail.com,540-220-7737x83453,"Unit 5021 Box 0395, DPO AP 93128"
83,John,Miller,61,Other,aperry@gmail.com,001-296-756-8967x554,"9787 Gregory Trail Apt. 439, Hansonberg, CO 09116"
84,Aaron,Bird,70,Male,anichols@hotmail.com,001-737-777-1716,"507 Mary Inlet, Colemantown, OK 96111"
85,Colleen,Singh,48,Female,heatherrose@brown.com,001-365-637-0138x251,"7778 Alexander Knoll, Garciahaven, TN 67705"
86,Steven,Parks,20,Other,deankimberly@rose-jones.com,355-391-7422,"288 Anne Ville Suite 274, North Richard, NC 58394"
87,Gary,Martinez,50,Other,jtaylor@watkins-may.net,(974)885-6994,"USNS Garcia, FPO AP 99486"
88,Darlene,Christian,63,Male,susanchung@poole.biz,001-538-633-5099x1300,"Unit 3232 Box 6098, DPO AE 67291"
89,Stanley,Guzman,53,Male,omayo@hotmail.com,691.452.2105x1455,"50308 Sara Creek Suite 050, Port Alexandra, MS 60737"
90,Madeline,Gardner,27,Male,ejones@bartlett.com,6102204640,"65649 Christy Park, North Angela, MD 24497"
91,Aaron,Gutierrez,36,Female,julie62@davis.com,(129)069-6562,"Unit 0366 Box 8088, DPO AP 74957"
92,Bryan,Whitney,54,Male,monicamartinez@rogers.net,1407077303,"32609 Parrish Fork, Mauricebury, AL 75827"
93,Trevor,Fitzgerald,66,Male,murphyfernando@mitchell.com,793.984.3100x6858,"4982 Fisher Pines, Caitlinfurt, OK 28652"
94,Melissa,Smith,68,Other,fcarter@gmail.com,458.583.2781,"98256 Key Lakes, South Thomasmouth, SD 15192"
95,Linda,Lee,60,Other,johnvasquez@perry.com,(799)388-6774x0471,"2313 Stacey Prairie, Johnathanbury, ND 13494"
96,Megan,Johnson,70,Other,floyddaniel@lee.com,(337)506-5538x237,"2417 Blake Locks, Levyton, OR 21956"
97,James,Jones,41,Female,reidbrandon@roberts.com,507.143.3849x12859,"8611 Rachel Vista Apt. 794, South Jenniferfort, MD 10175"
98,Karen,Lewis,70,Other,smithrobin@yahoo.com,9383639641,"3989 Boyle Oval, Port Melissabury, CA 08920"
99,Pamela,Reed,39,Other,owenerin@harris.com,001-377-421-6982,"01794 Wiley Ports, Port Kayla, IN 90586"
100,Elizabeth,Harris,28,Other,suttonamanda@banks-osborne.com,404.981.0885,"287 Kevin Oval, Michaelport, WA 92881"
